epoch,train_loss,lr
0,8.058994054794312,5.5e-06
epoch,train_loss,lr
1,5.77678108215332,0.0055044
epoch,train_loss,lr
2,4.451839208602905,0.0110033
