epoch,train_loss,lr
0,8.059056758880615,5.5e-06
epoch,train_loss,lr
1,5.802523612976074,0.0055044
epoch,train_loss,lr
2,4.48956298828125,0.0110033
