epoch,train_loss,lr
0,8.059181690216064,5.5e-06
epoch,train_loss,lr
1,5.8273903131484985,0.0055044
epoch,train_loss,lr
2,4.462078928947449,0.0110033
