epoch,train_loss,lr
0,6.836832165718079,5.5e-06
epoch,train_loss,lr
1,4.499403476715088,0.0055044
epoch,train_loss,lr
2,3.448984920978546,0.0110033
epoch,train_loss,lr
3,3.191107213497162,0.0165022
epoch,train_loss,lr
4,2.9218283891677856,0.022001100000000003
epoch,train_loss,lr
5,2.8967404961586,0.02565784930203604
epoch,train_loss,lr
6,2.8502044677734375,0.02487398367265553
