epoch,train_loss,lr
0,6.942656636238098,5.5e-06
epoch,train_loss,lr
1,4.7306554317474365,0.0055044
epoch,train_loss,lr
2,3.5421351194381714,0.0110033
