epoch,train_loss,lr
0,8.05914306640625,5.5e-06
epoch,train_loss,lr
1,5.809960126876831,0.0055044
epoch,train_loss,lr
2,4.42679762840271,0.0110033
