epoch,train_loss,lr
0,6.92532217502594,5.5e-06
epoch,train_loss,lr
1,6.1926223039627075,0.0055044
epoch,train_loss,lr
2,4.843595743179321,0.0110033
