epoch,train_loss,lr
0,8.058955907821655,5.5e-06
epoch,train_loss,lr
1,5.8204585313797,0.0055044
epoch,train_loss,lr
2,4.42023491859436,0.0110033
